Target_ID,baseMean,log2FoldChange,lfcSE,pvalue,padj,X,Type,Family,Clan,Gene_ID
TMUE_0000000774.1,49.6726545665909,-0.173887271749604,0.717463459755698,0.250356218104421,0.414639891942513,NA,NA,NA,NA,NA
TMUE_0000001027.1,854.027863860962,-3.83107175396777,0.233407594730939,6.10472838164779e-62,8.34365055990853e-60,NA,NA,NA,NA,NA
TMUE_0000001028.1,315.263563502876,-0.179283382551422,0.406335564324753,0.585802328087953,0.735269901737502,NA,NA,NA,NA,NA
TMUE_2000006898.1,33294.7335237765,-4.51468045152429,0.357451152488105,1.11971849633713e-37,7.16216738997082e-36,NA,NA,NA,NA,NA
TMUE_2000007334.1,66.8880537374922,-0.160759722449825,0.308340701436121,0.559385291214446,0.71463850697533,NA,NA,NA,NA,NA
TMUE_2000010311.1,1501.42269727961,-3.65145645161121,0.278714537766421,1.65347906336527e-40,1.14462267109411e-38,NA,NA,NA,NA,NA
TMUE_2000010312.1,319.544856175068,-0.3619033313101,0.371054715787334,0.249299855114205,0.413437745959832,NA,NA,NA,NA,NA
TMUE_3000014565.1,2661.30146506248,0.296751854207736,0.626777247588073,NA,NA,NA,NA,NA,NA,NA
TMUE_3000014567.1,474.383914635602,0.119243661224284,0.323599208668794,0.681607601004319,0.806421067450434,NA,NA,NA,NA,NA
