Target_ID,baseMean,log2FoldChange,lfcSE,pvalue,padj,X,Type,Family,Clan,Gene_ID
TMUE_1000005654.1,90.8248941808752,-0.771375207915242,0.639204931779463,0.0715500930613288,0.161565355116759,NA,NA,NA,NA,NA
TMUE_2000009424.1,4658.00784188099,-0.581148878488236,0.108974658387911,6.49452547849841e-08,6.00659091536542e-07,325,S,S09X,SC,TMUE_2000009424
